﻿{"license":"Apache License, Version 2.0",
"file_hash":null,
"name":"CivilConnection2020",
"version":"2.0.0",
"description":"Connect Civil 3D and Revit",
"group":"","keywords":null,
"dependencies":[],
"contents":"",
"engine_version":"2.1.0.7500",
"engine":"dynamo",
"engine_metadata":"",
"site_url":"https://github.com/Autodesk/civilconnection",
"repository_url":"https://github.com/Autodesk/civilconnection",
"contains_binaries":true,
"node_libraries":["Autodesk2020, Version=2.0.0.0, Culture=neutral, PublicKeyToken=null"]}