﻿{"license":"Apache License, Version 2.0",
"file_hash":null,
"name":"CivilConnection2021",
"version":"5.0.4",
"description":"Connect Civil 3D and Revit",
"group":"","keywords":null,
"dependencies":[],
"contents":"",
"engine_version":"2.6.0.7586",
"engine":"dynamo",
"engine_metadata":"",
"site_url":"https://github.com/Autodesk/civilconnection",
"repository_url":"https://github.com/Autodesk/civilconnection",
"contains_binaries":true,
"node_libraries":["Autodesk2021, Version=5.0.4, Culture=neutral, PublicKeyToken=null"]}