{"license":"","file_hash":null,
"name":"CivilConnection2017",
"version":"2.0.2",
"description":"Connect Civil 3D and Revit",
"group":"",
"keywords":null,
"dependencies":[],
"contents":"",
"engine_version":"1.3.4.6666",
"engine":"dynamo",
"engine_metadata":"",
"site_url":"https://github.com/Autodesk/civilconnection",
"repository_url":"https://github.com/Autodesk/civilconnection",
"contains_binaries":true,
"node_libraries":["Autodesk2017, Version=2.0.2.0, Culture=neutral, PublicKeyToken=null"]}